{"posicion":{"x":457.3631591796875,"y":27.203325271606447,"z":133.5338592529297},"vida":0}